{"Coef": [0.06642705623495887, 0.025321226662163944, 0.19148486097209788, 0.04796930023755237, -296629663.33136487, -296629663.2972766, -296629663.2848326, -296629662.8867607, -296629663.5456276, -296629663.28329706, -1400180702.9838345, -1400180702.8972144, -1400180703.040989, -1400180703.562363], "Beta": 1696810369.419976}